2026-09-06T18:07:40+00:00	dgx-spark-04	True	0	cmtpeql4y1etk2auhbk9668ry
2026-09-06T18:07:40+00:00	dgx-spark-02	True	0	cmtprzt671w352auhqgq43q4y
2026-09-06T18:07:40+00:00	dgx-spark-03	True	0	cmtpsaud71whj2auh0k27ynki
2026-09-06T18:07:42+00:00	dgx-spark-04	True	0	cmtpeql4y1etk2auhbk9668ry
2026-09-06T18:07:42+00:00	dgx-spark-02	True	0	cmtprzt671w352auhqgq43q4y
2026-09-06T18:07:42+00:00	dgx-spark-03	True	0	cmtpsaud71whj2auh0k27ynki
2026-09-06T18:07:44+00:00	dgx-spark-04	True	1	cmtpeql4y1etk2auhbk9668ry
2026-09-06T18:07:44+00:00	dgx-spark-02	True	1	cmtprzt671w352auhqgq43q4y
2026-09-06T18:07:44+00:00	dgx-spark-03	True	1	cmtpsaud71whj2auh0k27ynki
2026-09-06T18:07:46+00:00	dgx-spark-04	True	1	cmtpeql4y1etk2auhbk9668ry
2026-09-06T18:07:46+00:00	dgx-spark-02	True	1	cmtprzt671w352auhqgq43q4y
2026-09-06T18:07:46+00:00	dgx-spark-03	True	1	cmtpsaud71whj2auh0k27ynki
2026-09-06T18:07:48+00:00	dgx-spark-04	True	1	cmtpeql4y1etk2auhbk9668ry
2026-09-06T18:07:48+00:00	dgx-spark-02	True	1	cmtprzt671w352auhqgq43q4y
2026-09-06T18:07:48+00:00	dgx-spark-03	True	1	cmtpsaud71whj2auh0k27ynki
2026-09-06T18:07:50+00:00	dgx-spark-04	True	1	cmtpeql4y1etk2auhbk9668ry
2026-09-06T18:07:50+00:00	dgx-spark-02	True	1	cmtprzt671w352auhqgq43q4y
2026-09-06T18:07:50+00:00	dgx-spark-03	True	1	cmtpsaud71whj2auh0k27ynki
2026-09-06T18:07:52+00:00	dgx-spark-04	True	1	cmtpeql4y1etk2auhbk9668ry
2026-09-06T18:07:52+00:00	dgx-spark-02	True	1	cmtprzt671w352auhqgq43q4y
2026-09-06T18:07:52+00:00	dgx-spark-03	True	0	cmtpsaud71whj2auh0k27ynki
2026-09-06T18:07:55+00:00	dgx-spark-04	True	1	cmtpeql4y1etk2auhbk9668ry
2026-09-06T18:07:55+00:00	dgx-spark-02	True	1	cmtprzt671w352auhqgq43q4y
2026-09-06T18:07:55+00:00	dgx-spark-03	True	1	cmtpsaud71whj2auh0k27ynki
2026-09-06T18:07:57+00:00	dgx-spark-04	True	1	cmtpeql4y1etk2auhbk9668ry
2026-09-06T18:07:57+00:00	dgx-spark-02	True	1	cmtprzt671w352auhqgq43q4y
2026-09-06T18:07:57+00:00	dgx-spark-03	True	1	cmtpsaud71whj2auh0k27ynki
2026-09-06T18:07:59+00:00	dgx-spark-04	True	0	cmtpeql4y1etk2auhbk9668ry
2026-09-06T18:07:59+00:00	dgx-spark-02	True	1	cmtprzt671w352auhqgq43q4y
2026-09-06T18:07:59+00:00	dgx-spark-03	True	1	cmtpsaud71whj2auh0k27ynki
2026-09-06T18:08:01+00:00	dgx-spark-04	True	0	cmtpeql4y1etk2auhbk9668ry
2026-09-06T18:08:01+00:00	dgx-spark-02	True	1	cmtprzt671w352auhqgq43q4y
2026-09-06T18:08:01+00:00	dgx-spark-03	True	1	cmtpsaud71whj2auh0k27ynki
2026-09-06T18:08:03+00:00	dgx-spark-04	True	0	cmtpeql4y1etk2auhbk9668ry
2026-09-06T18:08:03+00:00	dgx-spark-02	True	1	cmtprzt671w352auhqgq43q4y
2026-09-06T18:08:03+00:00	dgx-spark-03	True	1	cmtpsaud71whj2auh0k27ynki
2026-09-06T18:08:05+00:00	dgx-spark-04	True	0	cmtpeql4y1etk2auhbk9668ry
2026-09-06T18:08:05+00:00	dgx-spark-02	True	0	cmtprzt671w352auhqgq43q4y
2026-09-06T18:08:05+00:00	dgx-spark-03	True	0	cmtpsaud71whj2auh0k27ynki
2026-09-06T18:08:07+00:00	dgx-spark-04	True	0	cmtpeql4y1etk2auhbk9668ry
2026-09-06T18:08:07+00:00	dgx-spark-02	True	0	cmtprzt671w352auhqgq43q4y
2026-09-06T18:08:07+00:00	dgx-spark-03	True	0	cmtpsaud71whj2auh0k27ynki
2026-09-06T18:08:09+00:00	dgx-spark-04	True	0	cmtpeql4y1etk2auhbk9668ry
2026-09-06T18:08:09+00:00	dgx-spark-02	True	0	cmtprzt671w352auhqgq43q4y
2026-09-06T18:08:09+00:00	dgx-spark-03	True	0	cmtpsaud71whj2auh0k27ynki
2026-09-06T18:08:11+00:00	dgx-spark-04	True	0	cmtpeql4y1etk2auhbk9668ry
2026-09-06T18:08:11+00:00	dgx-spark-02	True	0	cmtprzt671w352auhqgq43q4y
2026-09-06T18:08:11+00:00	dgx-spark-03	True	0	cmtpsaud71whj2auh0k27ynki
2026-09-06T18:08:13+00:00	dgx-spark-04	True	0	cmtpeql4y1etk2auhbk9668ry
2026-09-06T18:08:13+00:00	dgx-spark-02	True	0	cmtprzt671w352auhqgq43q4y
2026-09-06T18:08:13+00:00	dgx-spark-03	True	0	cmtpsaud71whj2auh0k27ynki
2026-09-06T18:08:16+00:00	dgx-spark-04	True	0	cmtpeql4y1etk2auhbk9668ry
2026-09-06T18:08:16+00:00	dgx-spark-02	True	0	cmtprzt671w352auhqgq43q4y
2026-09-06T18:08:16+00:00	dgx-spark-03	True	0	cmtpsaud71whj2auh0k27ynki
2026-09-06T18:08:18+00:00	dgx-spark-04	True	0	cmtpeql4y1etk2auhbk9668ry
2026-09-06T18:08:18+00:00	dgx-spark-02	True	0	cmtprzt671w352auhqgq43q4y
2026-09-06T18:08:18+00:00	dgx-spark-03	True	0	cmtpsaud71whj2auh0k27ynki
2026-09-06T18:08:20+00:00	dgx-spark-04	True	0	cmtpeql4y1etk2auhbk9668ry
2026-09-06T18:08:20+00:00	dgx-spark-02	True	0	cmtprzt671w352auhqgq43q4y
2026-09-06T18:08:20+00:00	dgx-spark-03	True	0	cmtpsaud71whj2auh0k27ynki
2026-09-06T18:08:22+00:00	dgx-spark-04	True	0	cmtpeql4y1etk2auhbk9668ry
2026-09-06T18:08:22+00:00	dgx-spark-02	True	0	cmtprzt671w352auhqgq43q4y
2026-09-06T18:08:22+00:00	dgx-spark-03	True	0	cmtpsaud71whj2auh0k27ynki
2026-09-06T18:08:24+00:00	dgx-spark-04	True	0	cmtpeql4y1etk2auhbk9668ry
2026-09-06T18:08:24+00:00	dgx-spark-02	True	0	cmtprzt671w352auhqgq43q4y
2026-09-06T18:08:24+00:00	dgx-spark-03	True	0	cmtpsaud71whj2auh0k27ynki
2026-09-06T18:08:26+00:00	dgx-spark-04	True	0	cmtpeql4y1etk2auhbk9668ry
2026-09-06T18:08:26+00:00	dgx-spark-02	True	0	cmtprzt671w352auhqgq43q4y
2026-09-06T18:08:26+00:00	dgx-spark-03	True	0	cmtpsaud71whj2auh0k27ynki
2026-09-06T18:08:28+00:00	dgx-spark-04	True	0	cmtpeql4y1etk2auhbk9668ry
2026-09-06T18:08:28+00:00	dgx-spark-02	True	0	cmtprzt671w352auhqgq43q4y
2026-09-06T18:08:28+00:00	dgx-spark-03	True	0	cmtpsaud71whj2auh0k27ynki
2026-09-06T18:08:30+00:00	dgx-spark-04	True	0	cmtpeql4y1etk2auhbk9668ry
2026-09-06T18:08:30+00:00	dgx-spark-02	True	0	cmtprzt671w352auhqgq43q4y
2026-09-06T18:08:30+00:00	dgx-spark-03	True	0	cmtpsaud71whj2auh0k27ynki
